name.firstName,name.lastName,age,address.line1,address.line2,address.city,address.state,gender
John,Doe,28,123 Main St,Apt 1,New York,NY,male
Jane,Smith,34,456 Oak St,Suite 200,Los Angeles,CA,female
Alex,Johnson,41,789 Maple Ave,Apt 5,Chicago,IL,male
Emily,Brown,25,321 Elm St,Apt 2,San Francisco,CA,female
Chris,Williams,37,654 Pine St,Suite 100,Houston,TX,male
Katie,Jones,29,987 Cedar St,Apt 3,Philadelphia,PA,female
Michael,Garcia,33,234 Birch Rd,Unit 5,Phoenix,AZ,male
Sarah,Miller,30,567 Spruce Ln,Apt 7,San Antonio,TX,female
David,Davis,36,890 Walnut Dr,Suite 300,San Diego,CA,male
Laura,Martinez,31,432 Cherry Blvd,Apt 4,Dallas,TX,female
Ethan,White,27,111 Peach St,Apt 9,Austin,TX,male
Olivia,Anderson,32,222 Olive Ave,Suite 250,Columbus,OH,female
Daniel,Thomas,40,333 Fig St,Unit 8,Charlotte,NC,male
Sophia,Jackson,24,444 Plum St,Apt 6,Indianapolis,IN,female
Matthew,Lee,35,555 Ash Ln,Suite 150,San Jose,CA,male
Ava,Harris,29,666 Beech Dr,Apt 2,Fort Worth,TX,female
Joshua,Clark,38,777 Elm St,Suite 200,Jacksonville,FL,male
Isabella,Robinson,26,888 Oak Blvd,Apt 5,San Francisco,CA,female
James,Young,31,999 Maple Ave,Unit 10,Denver,CO,male
Mia,Hernandez,28,101 Cedar Rd,Apt 7,Boston,MA,female
Andrew,King,39,202 Birch Ln,Suite 100,El Paso,TX,male
Charlotte,Wright,27,303 Spruce St,Apt 4,Washington,DC,female
Benjamin,Lopez,37,404 Walnut Dr,Unit 8,Detroit,MI,male
Amelia,Scott,30,505 Cherry St,Suite 350,Seattle,WA,female
Lucas,Green,34,606 Peach Ln,Apt 9,Nashville,TN,male
Evelyn,Adams,25,707 Olive Ave,Unit 11,Memphis,TN,female
Henry,Baker,33,808 Fig St,Suite 150,Baltimore,MD,male
Grace,Gonzalez,28,909 Plum St,Apt 5,Milwaukee,WI,female
Jackson,Nelson,40,112 Ash Ln,Suite 300,Portland,OR,male
Chloe,Hill,26,223 Beech Rd,Apt 3,Las Vegas,NV,female
Sebastian,Ramirez,36,334 Elm St,Unit 5,Louisville,KY,male
Aria,Rogers,32,445 Oak Blvd,Suite 200,Oklahoma City,OK,female
Jack,Peterson,29,556 Maple Ave,Apt 4,Tucson,AZ,male
Harper,Collins,35,667 Cedar Dr,Suite 400,Albuquerque,NM,female
Aiden,Edwards,31,778 Birch Ln,Unit 10,Fresno,CA,male
Ella,Turner,27,889 Spruce St,Apt 6,Sacramento,CA,female
Luke,Parker,39,990 Walnut Dr,Suite 250,Long Beach,CA,male
Scarlett,Evans,26,121 Peach St,Apt 9,Kansas City,MO,female
Oliver,Reed,38,232 Olive Ave,Suite 300,Mesa,AZ,male
Liam,Cook,30,343 Fig St,Apt 5,Virginia Beach,VA,male
Zoe,Morgan,25,454 Plum Ln,Unit 7,Atlanta,GA,female
Mason,Bell,36,565 Ash Dr,Suite 150,Colorado Springs,CO,male
Lily,Ross,28,676 Beech Rd,Apt 4,Omaha,NE,female
Logan,Bailey,34,787 Elm St,Suite 200,Raleigh,NC,male
Sofia,Cox,32,898 Oak Blvd,Apt 6,Miami,FL,female
Jackson,Brooks,29,909 Maple Ave,Unit 8,Virginia Beach,VA,male
Riley,Kelly,35,111 Cedar Ln,Suite 100,Oakland,CA,female
Carter,Sanders,31,222 Birch St,Apt 5,Minneapolis,MN,male
Hannah,Price,27,333 Spruce Dr,Suite 300,Tulsa,OK,female
Wyatt,Murphy,37,444 Walnut Ave,Apt 2,New Orleans,LA,male
Natalie,Kim,26,555 Cherry Ln,Unit 11,Arlington,TX,female
Gabriel,Rivera,40,666 Peach St,Suite 150,Wichita,KS,male
Addison,Richardson,28,777 Olive Ave,Apt 4,Cleveland,OH,female
Julian,Cruz,34,888 Fig St,Unit 10,Tampa,FL,male
Ella,Phillips,25,999 Plum Dr,Suite 350,Aurora,CO,female
Owen,James,31,101 Ash Ln,Apt 7,Anaheim,CA,male
Avery,Gray,29,202 Beech Rd,Suite 200,Bakersfield,CA,female
Samuel,Hughes,36,303 Elm St,Unit 5,Honolulu,HI,male
Layla,Diaz,32,404 Oak Blvd,Apt 9,Santa Ana,CA,female
Jacob,Howard,38,505 Maple Ave,Suite 400,Riverside,CA,male
Zoey,Evans,27,606 Cedar Dr,Unit 11,Corpus Christi,TX,female
Michael,Cooper,39,707 Birch St,Apt 4,Lexington,KY,male
Riley,Bryant,30,808 Spruce Ln,Suite 250,St. Louis,MO,female
Dylan,Walker,25,909 Walnut Ave,Apt 6,Stockton,CA,male
Audrey,Barnes,28,121 Cherry Dr,Unit 10,St. Paul,MN,female
Nathan,Scott,34,232 Peach Ln,Suite 300,Henderson,NV,male
Aubrey,Bryant,31,343 Olive Ave,Apt 5,Pittsburgh,PA,female
Logan,Ross,37,454 Fig St,Unit 8,Cincinnati,OH,male
Bella,Roberts,26,565 Plum Dr,Suite 150,Anchorage,AK,female
Hunter,Foster,35,676 Ash Ln,Apt 3,Hialeah,FL,male
Aria,Spencer,29,787 Beech Rd,Suite 400,Greensboro,NC,female
Ryan,Flores,32,898 Elm St,Apt 7,Plano,TX,male
Samantha,Meyer,27,909 Oak Blvd,Unit 11,Newark,NJ,female
Leo,Garrett,38,111 Maple Ave,Suite 250,Lincoln,NE,male
Evelyn,Griffin,30,222 Cedar Dr,Apt 4,Orlando,FL,female
Tyler,Hopkins,36,333 Birch St,Unit 10,Irvine,CA,male
Victoria,Diaz,28,444 Spruce Ln,Suite 200,Irvine,CA,female
Connor,Marshall,39,555 Walnut Ave,Apt 5,Scottsdale,AZ,male
Camila,Simmons,31,666 Cherry Dr,Unit 8,Chula Vista,CA,female
Nathaniel,Gordon,34,777 Peach Ln,Suite 100,Fort Wayne,IN,male
Madison,Ward,29,888 Olive Ave,Apt 9,Jersey City,NJ,female
Aaron,Cole,37,999 Fig St,Unit 11,Chandler,AZ,male
Brooklyn,Patterson,26,101 Plum Dr,Suite 350,Fort Lauderdale,FL,female
Lucas,Gray,33,202 Ash Ln,Apt 6,Laredo,TX,male
Scarlett,Harris,28,303 Beech Rd,Unit 10,St. Petersburg,FL,female
Eli,Ramirez,40,404 Elm St,Apt 3,Durham,NC,male
Alexa,Reed,35,505 Oak Blvd,Suite 200,Irvine,CA,female
Sebastian,Jenkins,32,606 Maple Ave,Unit 8,Modesto,CA,male
Alyssa,Watson,31,707 Cedar Dr,Apt 5,Buffalo,NY,female
Luke,Bennett,38,808 Birch St,Suite 250,Irving,TX,male
Grace,Ross,27,909 Spruce Ln,Apt 7,Durham,NC,female
Isaiah,Henderson,36,121 Walnut Ave,Unit 11,Fremont,CA,male
Aubrey,Ramos,30,232 Cherry Dr,Apt 4,St. Petersburg,FL,female
Jack,Barnes,34,343 Peach Ln,Suite 300,Boise,ID,male
Abigail,Price,29,454 Olive Ave,Apt 6,Baton Rouge,LA,female
William,Murray,37,565 Fig St,Unit 9,Hialeah,FL,male
Ella,Ford,32,676 Plum Dr,Suite 150,Springfield,MO,female
